{
  "Id": "AutosortLockers",
  "DisplayName": "AutosortLockers",
  "Author": "RandyKnapp",
  "Version": "1.0.0",
  "Requires": [ "0Harmony.dll" ],
  "Enable": true,
  "AssemblyName": "AutosortLockers.dll",
  "EntryMethod": "AutosortLockers.QPatch.Patch",
  "Config": {
    "EasyBuild": false,
    "SortInterval": 1.0,
    "ShowAllItems": false,
    "AutosorterWidth": 5,
    "AutosorterHeight": 6,
    "ReceptacleWidth": 6,
    "ReceptacleHeight": 8,
    "StandingReceptacleWidth": 6,
    "StandingReceptacleHeight": 8
  }
}