{
  "Id": "BlueprintTracker",
  "DisplayName": "BlueprintTracker",
  "Author": "RandyKnapp",
  "Version": "1.0.0",
  "Requires": [ "0Harmony.dll" ],
  "Enable": true,
  "AssemblyName": "BlueprintTracker.dll",
  "EntryMethod": "BlueprintTracker.QPatch.Patch",
  "Config": {
    "MaxPinnedBlueprints": 13,
    "Position": "TopRight",
    "CornerOffsetX": 20,
    "CornerOffsetY": 20,
    "TrackerScale": 1.0,
    "FontSize": 16,
    "BackgroundAlpha": 0.5,
    "ShowWhilePiloting": false,
    "ColorblindMode": false
  }
}